key,title,score,seconds,lufs,lra,true_peak_db,sample_peak_db,rms_db,crest_db,correlation,mono_loss_db,side_mid_db,lr_balance_db,decoded_seam_relative_db,seam_jump_dbfs,render_lufs,render_seam_db,bytes
music_battle_act1,Ember Dusk,battle_act1,80.389,-14.0,3.1,-1.3,-1.31,-16.71,15.4,0.3298,-1.77,-2.97,-0.53,-19.94,-27.6,-14.02,-54.9,1644774
music_battle_act1_2,Border Marches,battle_act1_2,69.4,-14.0,3.6,-0.9,-0.94,-16.8,15.86,0.3164,-1.82,-2.85,0.1,-22.47,-33.19,-14.0,-70.0,1406132
music_battle_act1_2_calm,Border Marches,battle_act1_2,69.4,-17.0,2.3,-4.7,-4.76,-19.93,15.17,0.3402,-1.74,-3.07,-0.64,-25.31,-36.28,-17.0,-88.1,1316443
music_battle_act1_3,Open Ground,battle_act1_3,91.874,-14.0,4.1,-1.1,-1.08,-17.05,15.97,0.3182,-1.81,-2.86,0.3,-28.63,-24.56,-14.0,-71.8,1833603
music_battle_act1_3_calm,Open Ground,battle_act1_3,91.874,-17.0,3.0,-5.5,-5.57,-19.92,14.36,0.4335,-1.45,-4.03,0.26,-58.76,-50.07,-17.0,-76.6,1640780
music_battle_act1_4,The Oath at the Ford,battle_act1_4,95.635,-14.0,3.7,-1.2,-1.16,-16.58,15.42,0.3835,-1.6,-3.5,0.74,-24.93,-32.28,-14.0,-56.0,1932031
music_battle_act1_4_calm,The Oath at the Ford,battle_act1_4,95.635,-17.0,2.8,-4.7,-4.75,-20.19,15.44,0.3237,-1.79,-2.92,0.1,-29.9,-35.92,-17.0,-79.2,1691700
music_battle_act1_calm,Ember Dusk,battle_act1,80.389,-17.0,3.1,-5.3,-5.35,-19.97,14.62,0.3739,-1.64,-3.37,-1.34,-26.36,-36.73,-17.0,-89.9,1453575
music_battle_act2,Iron Rain,battle_act2,76.6,-13.5,2.7,-1.0,-1.01,-16.32,15.31,0.3053,-1.85,-2.74,0.03,-21.01,-28.03,-13.53,-73.1,1589485
music_battle_act2_2,Steel and Thread,battle_act2_2,71.267,-14.0,2.6,-1.2,-1.26,-16.73,15.47,0.306,-1.85,-2.74,0.67,-19.56,-25.76,-14.02,-59.9,1437512
music_battle_act2_2_calm,Steel and Thread,battle_act2_2,71.267,-17.0,4.7,-4.4,-4.43,-20.0,15.57,0.3549,-1.69,-3.22,-0.55,-21.45,-35.25,-17.0,-128.7,1348676
music_battle_act2_3,Old Kingdom Roads,battle_act2_3,88.078,-14.0,1.4,-1.1,-1.14,-16.84,15.7,0.3585,-1.68,-3.25,0.75,-20.54,-37.36,-14.0,-58.4,1786447
music_battle_act2_3_calm,Old Kingdom Roads,battle_act2_3,88.078,-17.0,2.0,-6.1,-6.14,-19.93,13.79,0.4392,-1.43,-4.09,0.49,-23.67,-38.78,-17.0,-76.7,1571407
music_battle_act2_calm,Iron Rain,battle_act2,76.6,-17.0,2.0,-4.9,-4.92,-19.85,14.92,0.334,-1.76,-3.01,-0.56,-25.14,-40.18,-17.0,-105.3,1505072
music_battle_act3,Bleached Rite,battle_act3,71.683,-14.0,3.2,-0.9,-0.96,-16.68,15.71,0.3494,-1.71,-3.16,0.59,-19.19,-26.18,-14.01,-73.0,1433154
music_battle_act3_2,Against the Rite,battle_act3_2,66.138,-13.8,1.8,-1.0,-1.06,-16.6,15.54,0.2823,-1.93,-2.52,0.03,-19.2,-46.98,-13.82,-75.7,1380259
music_battle_act3_2_calm,Against the Rite,battle_act3_2,66.138,-17.0,4.7,-5.2,-5.24,-19.93,14.69,0.3343,-1.77,-2.97,-1.52,-25.36,-29.72,-17.0,-99.3,1282973
music_battle_act3_3,Petals on the Fen,battle_act3_3,76.873,-14.0,3.3,-1.0,-1.02,-16.91,15.89,0.2591,-2.01,-2.3,0.31,-24.68,-35.36,-14.05,-51.2,1561093
music_battle_act3_3_calm,Petals on the Fen,battle_act3_3,76.873,-17.0,2.4,-5.1,-5.16,-19.95,14.79,0.2937,-1.9,-2.61,-0.96,-28.71,-37.25,-17.0,-65.5,1416230
music_battle_act3_calm,Bleached Rite,battle_act3,71.683,-17.5,3.2,-5.6,-5.6,-20.21,14.6,0.3153,-1.83,-2.82,-0.87,-24.43,-32.06,-17.5,-83.7,1360769
music_battle_act4,Ashfall,battle_act4,77.327,-14.0,2.9,-1.2,-1.23,-16.94,15.71,0.2351,-2.09,-2.08,-0.47,-17.95,-29.04,-14.0,-73.4,1533039
music_battle_act4_2,"Ember Dusk, in Ash",battle_act4_2,84.6,-14.0,2.9,-1.1,-1.19,-16.74,15.55,0.2616,-2.0,-2.33,0.12,-22.85,-30.3,-14.0,-55.8,1706787
music_battle_act4_2_calm,"Ember Dusk, in Ash",battle_act4_2,84.6,-17.0,4.0,-3.8,-3.79,-19.96,16.16,0.3906,-1.58,-3.58,-0.31,-24.87,-31.42,-17.0,-71.4,1499652
music_battle_act4_3,The Name Is Not Spoken,battle_act4_3,108.918,-14.0,5.7,-1.1,-1.08,-16.64,15.56,0.3199,-1.81,-2.85,-1.14,-37.85,-43.54,-14.01,-63.4,2161617
music_battle_act4_3_calm,The Name Is Not Spoken,battle_act4_3,108.918,-17.0,3.8,-2.3,-2.28,-19.66,17.39,0.2438,-2.07,-2.15,-0.63,-34.82,-37.94,-17.0,-113.1,1897159
music_battle_act4_calm,Ashfall,battle_act4,77.327,-18.0,2.4,-5.4,-5.39,-20.81,15.42,0.3005,-1.87,-2.68,-0.79,-25.01,-34.02,-18.0,-81.0,1436826
music_battle_caravan,Coin and Canvas,battle_caravan,83.504,-14.0,2.9,-1.8,-1.85,-17.13,15.29,0.4346,-1.45,-4.03,0.6,-20.1,-25.54,-14.0,-68.1,1673365
music_battle_caravan_calm,Coin and Canvas,battle_caravan,83.504,-17.0,4.2,-5.5,-5.55,-19.91,14.37,0.5162,-1.21,-4.95,-0.59,-24.24,-29.05,-17.0,-128.9,1666691
music_battle_castle,Stone That Remembers,battle_castle,95.509,-14.0,3.3,-1.2,-1.27,-16.75,15.47,0.3999,-1.55,-3.68,0.21,-31.19,-38.13,-14.0,-70.7,1874968
music_battle_castle_calm,Stone That Remembers,battle_castle,95.509,-17.0,3.1,-5.8,-5.9,-19.96,14.06,0.4556,-1.38,-4.27,-0.1,-30.84,-39.7,-17.0,-71.5,1737407
music_battle_eclipsed,Totality,battle_eclipsed,107.933,-14.0,2.9,-1.0,-1.0,-16.7,15.69,0.3172,-1.83,-2.81,1.51,-20.65,-30.85,-14.02,-63.3,2232751
music_battle_eclipsed_calm,Totality,battle_eclipsed,107.933,-17.0,2.1,-5.8,-5.75,-19.89,14.14,0.3631,-1.67,-3.29,-0.87,-26.74,-47.33,-17.0,-70.1,1981918
music_battle_elite,Against the Standard,battle_elite,73.171,-14.0,1.2,-0.8,-0.8,-17.02,16.22,0.375,-1.63,-3.42,-0.2,-18.54,-28.91,-14.03,-53.1,1517468
music_battle_elite_act2,The Iron Line,battle_elite_act2,92.168,-14.0,3.2,-1.0,-1.0,-17.01,16.0,0.3768,-1.62,-3.44,-0.28,-19.97,-35.26,-14.03,-57.1,1905885
music_battle_elite_act2_calm,The Iron Line,battle_elite_act2,92.168,-17.0,2.3,-1.1,-1.2,-19.96,18.77,0.4165,-1.51,-3.82,-0.98,-21.71,-35.43,-17.01,-80.2,1831456
music_battle_elite_act3,The Consecrated,battle_elite_act3,81.1,-14.0,3.3,-0.8,-0.85,-16.78,15.92,0.2736,-1.96,-2.43,-0.57,-29.37,-37.31,-14.01,-66.8,1655473
music_battle_elite_act3_calm,The Consecrated,battle_elite_act3,81.1,-17.0,2.1,-2.8,-2.91,-19.84,16.93,0.223,-2.14,-1.97,-0.01,-30.4,-39.01,-17.0,-78.8,1485965
music_battle_elite_act4,The Emperor's Own,battle_elite_act4,80.698,-14.0,3.6,-1.1,-1.12,-16.78,15.66,0.3482,-1.72,-3.12,-1.23,-19.29,-26.57,-14.01,-61.3,1656651
music_battle_elite_act4_calm,The Emperor's Own,battle_elite_act4,80.698,-17.0,3.1,-3.5,-3.51,-19.57,16.06,0.325,-1.79,-2.91,-0.99,-31.07,-27.42,-17.0,-71.9,1414263
music_battle_elite_calm,Against the Standard,battle_elite,73.171,-17.0,2.4,-4.7,-4.67,-19.63,14.96,0.3748,-1.64,-3.4,-0.97,-28.19,-27.75,-17.0,-78.6,1363096
music_battle_escape,One More Crossing,battle_escape,62.378,-14.0,2.2,-1.1,-1.14,-16.91,15.76,0.3147,-1.82,-2.83,0.43,-24.35,-38.0,-14.0,-54.2,1275943
music_battle_escape_calm,One More Crossing,battle_escape,62.378,-17.5,2.0,-5.1,-5.11,-19.98,14.87,0.4257,-1.47,-3.95,0.26,-28.04,-45.35,-17.5,-65.5,1146477
music_battle_fog,What the Fog Keeps,battle_fog,100.6,-14.0,4.0,-1.5,-1.53,-17.15,15.62,0.3443,-1.73,-3.11,-0.43,-39.53,-35.19,-14.0,-109.9,1955478
music_battle_fog_calm,What the Fog Keeps,battle_fog,100.6,-17.0,6.4,-2.4,-2.41,-19.61,17.2,0.398,-1.56,-3.65,0.48,-35.47,-42.28,-17.0,-104.4,1857216
music_battle_rescue,Someone Is Still Out There,battle_rescue,75.951,-14.0,3.6,-1.8,-1.85,-17.07,15.22,0.4105,-1.52,-3.76,0.99,-18.95,-41.42,-14.0,-69.8,1566807
music_battle_rescue_calm,Someone Is Still Out There,battle_rescue,75.951,-17.0,3.4,-5.9,-5.88,-20.1,14.21,0.3901,-1.58,-3.57,0.32,-29.07,-44.74,-17.0,-73.2,1359354
music_battle_swamp,The Mire,battle_swamp,95.671,-14.0,2.4,-1.0,-1.02,-16.4,15.37,0.3246,-1.79,-2.92,-0.29,-32.95,-37.25,-14.0,-55.9,1873907
music_battle_swamp_calm,The Mire,battle_swamp,95.671,-17.0,2.8,-3.8,-3.81,-19.6,15.79,0.3695,-1.65,-3.37,-0.26,-34.02,-36.31,-17.0,-118.5,1658492
music_battle_tundra,Rime,battle_tundra,90.314,-14.0,2.9,-1.0,-1.02,-16.9,15.88,0.3682,-1.65,-3.35,0.61,-22.19,-30.93,-14.01,-67.7,1930160
music_battle_tundra_calm,Rime,battle_tundra,90.314,-17.0,1.9,-4.4,-2.58,-20.12,15.69,0.3769,-1.62,-3.44,0.31,-26.25,-33.0,-17.0,-78.6,1773305
music_battle_village,Bells Over the Village,battle_village,75.763,-14.0,4.9,-1.1,-1.13,-17.0,15.86,0.4152,-1.51,-3.82,-0.83,-22.52,-24.45,-14.0,-97.4,1542040
music_battle_village_calm,Bells Over the Village,battle_village,75.763,-17.0,4.8,-4.9,-4.95,-20.06,15.11,0.4504,-1.41,-4.17,-1.18,-25.07,-24.79,-17.0,-90.4,1420188
music_battle_volcano,Caldera,battle_volcano,84.6,-14.0,2.0,-0.9,-0.94,-16.55,15.61,0.3579,-1.69,-3.24,-0.84,-25.93,-22.16,-14.02,-67.5,1597105
music_battle_volcano_calm,Caldera,battle_volcano,84.6,-17.0,2.9,-4.6,-4.6,-19.51,14.92,0.3831,-1.63,-3.41,-1.95,-27.53,-48.35,-17.0,-76.9,1493701
music_boss_act1,The Border Holds,boss_act1,74.165,-13.5,2.3,-1.1,-1.13,-16.27,15.14,0.3591,-1.68,-3.26,-0.5,-24.23,-31.85,-13.5,-78.3,1489371
music_boss_act1_enrage_iron_captain,The Border Holds,boss_act1,74.165,-13.5,2.0,-1.0,-1.05,-16.19,15.15,0.3477,-1.72,-3.14,-0.69,-23.87,-36.06,-13.5,-79.0,1487472
music_boss_act1_enrage_warchief,The Border Holds,boss_act1,74.165,-13.5,2.3,-1.1,-1.2,-16.12,14.92,0.3849,-1.6,-3.52,-0.35,-24.22,-32.44,-13.5,-71.5,1487368
music_boss_act2,Doctrine of Lances,boss_act2,62.431,-13.5,2.4,-0.9,-0.97,-16.27,15.3,0.3252,-1.79,-2.93,-0.12,-18.21,-28.39,-13.5,-81.3,1271733
music_boss_act2_enrage_archmage,Doctrine of Lances,boss_act2,62.431,-13.5,2.1,-1.2,-1.3,-16.38,15.08,0.3347,-1.76,-3.02,0.08,-18.49,-22.56,-13.5,-81.7,1338770
music_boss_act2_enrage_dark_rider,Doctrine of Lances,boss_act2,62.431,-13.5,2.2,-1.1,-1.14,-16.19,15.05,0.3169,-1.82,-2.84,-0.7,-18.43,-32.2,-13.5,-81.8,1272217
music_boss_act2_enrage_knight_commander,Doctrine of Lances,boss_act2,62.431,-13.5,2.0,-1.1,-1.17,-16.28,15.11,0.3181,-1.81,-2.85,-0.71,-18.54,-29.08,-13.5,-82.0,1261374
music_boss_act3,The Perfect Duel,boss_act3,60.414,-13.5,2.0,-1.3,-1.38,-16.33,14.96,0.3497,-1.71,-3.16,0.67,-20.23,-39.11,-13.5,-85.5,1212303
music_boss_act3_enrage_berserker_king,The Perfect Duel,boss_act3,60.414,-13.5,1.6,-1.2,-1.17,-16.06,14.89,0.396,-1.56,-3.64,-0.06,-20.56,-45.44,-13.5,-74.0,1207702
music_boss_act3_enrage_blade_lord,The Perfect Duel,boss_act3,60.414,-13.5,1.7,-1.8,-1.89,-16.37,14.49,0.3333,-1.76,-3.0,0.75,-19.77,-27.65,-13.5,-86.1,1210943
music_boss_act3_enrage_iron_wall,The Perfect Duel,boss_act3,60.414,-13.5,1.6,-1.0,-1.05,-16.28,15.23,0.3358,-1.75,-3.03,-0.27,-20.48,-29.47,-13.5,-86.7,1205189
music_boss_emperor,"Human, Powerful, and Wrong",boss_emperor,84.6,-13.5,2.7,-1.3,-1.35,-16.28,14.93,0.2592,-2.01,-2.3,0.06,-24.51,-31.57,-13.5,-74.2,1710290
music_boss_emperor_enrage_emperor,"Human, Powerful, and Wrong",boss_emperor,84.6,-13.5,1.8,-0.9,-1.01,-16.18,15.17,0.2424,-2.07,-2.14,-0.58,-24.39,-45.02,-13.51,-75.3,1704219
music_boss_entity,· · ·,boss_entity,108.632,-19.0,5.7,-5.2,-5.24,-21.25,16.01,0.2782,-1.97,-2.41,-2.11,-46.41,-53.22,-19.0,-60.1,1860284
music_boss_entity_finale,All of Us Across,boss_entity_finale,82.247,-13.5,3.0,-1.0,-1.01,-16.27,15.26,0.3173,-1.81,-2.85,0.1,-23.41,-29.27,-13.5,-54.3,1670235
music_boss_entity_finale_hum,All of Us Across,boss_entity_finale,82.247,-20.0,2.2,-8.2,-8.19,-22.24,14.05,0.2907,-1.96,-2.44,-3.01,-28.93,-41.71,-20.0,-57.9,1478225
music_boss_lieutenant,Every Future You Could Reach,boss_lieutenant,73.171,-13.2,1.7,-1.5,-1.47,-16.13,14.66,0.3462,-1.72,-3.14,0.2,-20.44,-32.56,-13.2,-86.4,1517785
music_boss_lieutenant_enrage_lieutenant,Every Future You Could Reach,boss_lieutenant,73.171,-13.2,1.9,-1.1,-1.1,-16.12,15.02,0.3442,-1.73,-3.11,0.51,-21.0,-30.74,-13.2,-87.0,1532732
music_colosseum,The Pit Answers,colosseum,49.817,-15.5,1.9,-0.9,-0.91,-17.58,16.66,0.5955,-0.98,-5.95,-0.49,-24.85,-35.02,-15.5,-120.5,996053
music_defeat,The Thread Is Cut,defeat,58.763,-20.0,7.6,-3.5,-2.15,-22.46,18.96,0.132,-2.47,-1.15,0.43,-44.31,-48.58,-20.0,-64.5,887426
music_explore_act1,The Loom: Ember Dusk,loom_act1,91.0,-17.0,5.3,-4.2,-4.25,-19.95,15.7,0.3608,-1.68,-3.25,1.15,-31.83,-31.03,-17.0,-65.4,1751619
music_explore_act2,The Loom: Iron Rain,loom_act2,93.296,-18.0,3.2,-5.2,-5.17,-21.02,15.85,0.2771,-1.95,-2.46,-0.92,-26.93,-40.22,-18.0,-90.7,1776649
music_explore_act3,The Loom: Bleached Rite,loom_act3,70.2,-18.0,4.0,-5.9,-5.96,-20.97,15.0,0.3298,-1.77,-2.98,-0.13,-24.87,-30.26,-18.0,-73.3,1238355
music_explore_act4,The Loom: Ashfall,loom_act4,109.775,-19.5,9.5,-2.4,-2.43,-22.33,19.9,0.164,-2.36,-1.43,-1.13,-45.48,-66.84,-19.5,-71.6,1681309
music_explore_deep,The Loom: Unlight,loom_deep,87.535,-24.0,4.8,-8.7,-8.71,-26.08,17.37,0.1528,-2.39,-1.34,-0.14,-38.58,-58.6,-24.0,-55.0,1200370
music_home_base,Embers of the Old Kingdom,home_base,81.743,-17.0,3.5,-3.7,-3.74,-19.81,16.07,0.3384,-1.75,-3.05,0.66,-26.77,-41.47,-17.0,-128.5,1505185
music_login,The Hollow Sun,title,102.432,-19.0,4.1,-6.3,-6.33,-22.39,16.06,0.1261,-2.49,-1.1,-0.09,,-43.29,-19.0,-76.2,1863346
music_loot,Spoils of the March,loot,21.475,-16.5,1.4,-5.8,-5.85,-19.46,13.61,0.422,-1.49,-3.88,0.96,-21.75,-33.26,-16.5,-105.5,431796
music_rest,Liturgy of the Spent Name,rest,174.016,-18.0,4.2,-5.9,-5.93,-20.82,14.9,0.1036,-2.58,-0.9,0.09,-37.86,-39.15,-18.0,-76.0,2913792
music_run_win,The Last Light,run_win,100.978,-16.0,6.2,-2.6,-2.63,-18.82,16.2,0.158,-2.38,-1.37,1.18,-27.42,-42.34,-16.0,-60.5,1838675
music_shop,Varen's Mark,shop,58.171,-17.0,2.5,-4.5,-4.65,-19.92,15.27,0.4265,-1.48,-3.93,-1.05,-27.52,-39.59,-17.0,-128.4,1097804
music_shrine,What the Sun Kept,shrine,69.6,-19.0,3.6,-6.2,-6.22,-21.9,15.68,0.2202,-2.17,-1.87,2.35,-26.88,-38.45,-19.0,-64.3,1231197
music_title,The Hollow Sun,title,121.577,-16.0,3.5,-4.1,-4.07,-19.23,15.15,0.1617,-2.36,-1.42,0.36,-24.18,-42.91,-16.0,-77.8,2241141
music_victory,Routed,victory,37.831,-16.5,2.3,-5.0,-4.85,-19.23,14.24,0.3314,-1.77,-2.97,0.95,-26.56,-42.38,-16.5,-65.4,681386
